subassembly,fabrication_class,part_id,file_name,path,size_bytes,sha256
100,ALU_7075,ASV1_100_02A,ASV1_100_02A.STEP,mechanical/ASV1/100/FABRICATION/ALU_7075/ASV1_100_02A.STEP,258210,7a4e6f9900125a31f64a66deb7034bf3c8299966b3077d928d4a50aba902184d
100,ALU_7075,ASV1_100_03A,ASV1_100_03A.STEP,mechanical/ASV1/100/FABRICATION/ALU_7075/ASV1_100_03A.STEP,216414,8cb1ed1f81382dc5687ce281a87396db6d4a61b719fd245742572f9b6e56406e
100,MJF_PA12,ASV1_100_01C,ASV1_100_01C.STEP,mechanical/ASV1/100/FABRICATION/MJF_PA12/ASV1_100_01C.STEP,21058175,c3e24ef9151684af5e0664a42deb016f9eac89211be47226cbbe1df0553123f7
100,MJF_PA12,ASV1_100_04C,ASV1_100_04C.STEP,mechanical/ASV1/100/FABRICATION/MJF_PA12/ASV1_100_04C.STEP,10673477,c5aa469cfcdb2cbc7aa2fd8003f77d7c9e97dae5102b11e1cdbeacc01f7e214a
100,MJF_PA12,ASV1_100_05C,ASV1_100_05C.STEP,mechanical/ASV1/100/FABRICATION/MJF_PA12/ASV1_100_05C.STEP,4991976,f2ae179b0fd40c08f8a08fd455f2d1e433da3be0d56a7306d95b723146dc1c6e
100,MJF_PA12,ASV1_100_06C,ASV1_100_06C.STEP,mechanical/ASV1/100/FABRICATION/MJF_PA12/ASV1_100_06C.STEP,10919637,2e4ae9777be8c8e78efc80be19339ece3c327fede1d59384180330971387d3db
100,MJF_PA12,ASV1_100_10C,ASV1_100_10C.STEP,mechanical/ASV1/100/FABRICATION/MJF_PA12/ASV1_100_10C.STEP,15305288,c31fc896b10a54b1adc21cd3165a64357bd3dd9ffb5da60476bc815b7e53faf7
100,MJF_PA12,ASV1_100_12C,ASV1_100_12C.STEP,mechanical/ASV1/100/FABRICATION/MJF_PA12/ASV1_100_12C.STEP,4126261,d732af161ebfe5d0bb54f16aaaa600f10b616681d56befb5c825ed428773c147
100,OFF_THE_SHELF,ASV1_100_07X,ASV1_100_07X.STEP,mechanical/ASV1/100/FABRICATION/OFF_THE_SHELF/ASV1_100_07X.STEP,927187,62d630e612cdb58f6cf34d7d5efa7b755efa85c2844c9dfec8efcaf9ab638d18
100,OFF_THE_SHELF,ASV1_100_08X,ASV1_100_08X.STEP,mechanical/ASV1/100/FABRICATION/OFF_THE_SHELF/ASV1_100_08X.STEP,966741,39b83debe8d53437f4ff8d62941f44e8c2340a4e0d86b6b44c0b71ee8f290029
100,OFF_THE_SHELF,ASV1_100_09X,ASV1_100_09X.STEP,mechanical/ASV1/100/FABRICATION/OFF_THE_SHELF/ASV1_100_09X.STEP,11900,673e96a8b436e68197ff69883b98f2c6865314078f2d5a41ab146da318c7eeef
100,OFF_THE_SHELF,ASV1_100_11X,ASV1_100_11X.STEP,mechanical/ASV1/100/FABRICATION/OFF_THE_SHELF/ASV1_100_11X.STEP,46998,c9f2a349914704395545d7fdf8abba330ff8234b6229fd0b19d0f9fde4452463
100,OFF_THE_SHELF,ASV1_100_13X,ASV1_100_13X.STEP,mechanical/ASV1/100/FABRICATION/OFF_THE_SHELF/ASV1_100_13X.STEP,193428,1323788b5ef2d92157d18eb1e270ea65a659229a5502b7419073a3553ccd726d
200,ALU_7075,ASV1_200_02A,ASV1_200_02A.STEP,mechanical/ASV1/200/FABRICATION/ALU_7075/ASV1_200_02A.STEP,330632,2b577f3fd36fd9e9b81234ed144077316c225127a5c2014c82773f21d0055a30
200,ALU_7075,ASV1_200_03A,ASV1_200_03A.STEP,mechanical/ASV1/200/FABRICATION/ALU_7075/ASV1_200_03A.STEP,317521,7c4eb430c930c4701c9b9fa3398de3ae87601e213a428911353c472836e71fd3
200,ALU_7075,ASV1_200_16A,ASV1_200_16A.STEP,mechanical/ASV1/200/FABRICATION/ALU_7075/ASV1_200_16A.STEP,381960,c7f7755e2442866e38d852116f502a686783a4ad8a8e514c8f9324cb9ee7d083
200,SML_316L,ASV1_200_04B,ASV1_200_04B.STEP,mechanical/ASV1/200/FABRICATION/SML_316L/ASV1_200_04B.STEP,2214087,74c106f5159f6d2c24cbadf961e967e7ff37449b22bfe3b4a3c1ceb9f62c2015
200,SML_316L,ASV1_200_05B,ASV1_200_05B.STEP,mechanical/ASV1/200/FABRICATION/SML_316L/ASV1_200_05B.STEP,1939954,a6aa835b4a500f86b7540f594b6a8fbd72ccf22155a82c181df0349d6e7aa382
200,MJF_PA12,ASV1_200_01C,ASV1_200_01C.STEP,mechanical/ASV1/200/FABRICATION/MJF_PA12/ASV1_200_01C.STEP,2754509,cbaa717718b84576d96f77f912e7e94bde9a2d79722324c2fc8cef533eada670
200,MJF_PA12,ASV1_200_06C,ASV1_200_06C.STEP,mechanical/ASV1/200/FABRICATION/MJF_PA12/ASV1_200_06C.STEP,1259159,d8e49b141f061747444726ba4e300a4d11c25b8407960ebc0edb2c779b087fb8
200,MJF_PA12,ASV1_200_07C,ASV1_200_07C.STEP,mechanical/ASV1/200/FABRICATION/MJF_PA12/ASV1_200_07C.STEP,691936,d3adf315020605a19cb0253709e1635e57147189914cc0fd19a890d6cc36bcdc
200,MJF_PA12,ASV1_200_08C,ASV1_200_08C.STEP,mechanical/ASV1/200/FABRICATION/MJF_PA12/ASV1_200_08C.STEP,1075168,dd078db12aa2fbb2a2f9d1e7923732eb840f2b0f3d9fce2226721a05f412271b
200,MJF_PA12,ASV1_200_09C,ASV1_200_09C.STEP,mechanical/ASV1/200/FABRICATION/MJF_PA12/ASV1_200_09C.STEP,544336,87e616b82ff6a47c75b1c11a991c1655e80672ac77e6779cec8441147e101e34
200,MJF_PA12,ASV1_200_15C,ASV1_200_15C.STEP,mechanical/ASV1/200/FABRICATION/MJF_PA12/ASV1_200_15C.STEP,329371,6087b8c58fcb0cea9f6fd4779787c77a014f8ed24ea9f15f198d1767f43019cf
200,OFF_THE_SHELF,ASV1_200_10X,ASV1_200_10X.STEP,mechanical/ASV1/200/FABRICATION/OFF_THE_SHELF/ASV1_200_10X.STEP,3098267,3dcdd6b5b9b9a41c742bc4fbed0033c869d986cc8cb98a67980b3e43664e8392
200,OFF_THE_SHELF,ASV1_200_11X,ASV1_200_11X.STEP,mechanical/ASV1/200/FABRICATION/OFF_THE_SHELF/ASV1_200_11X.STEP,3098267,3dcdd6b5b9b9a41c742bc4fbed0033c869d986cc8cb98a67980b3e43664e8392
200,OFF_THE_SHELF,ASV1_200_12X,ASV1_200_12X.STEP,mechanical/ASV1/200/FABRICATION/OFF_THE_SHELF/ASV1_200_12X.STEP,3098267,3dcdd6b5b9b9a41c742bc4fbed0033c869d986cc8cb98a67980b3e43664e8392
200,OFF_THE_SHELF,ASV1_200_13X,ASV1_200_13X.STEP,mechanical/ASV1/200/FABRICATION/OFF_THE_SHELF/ASV1_200_13X.STEP,102784,7bde50d0470678bc041ce83c04024065e4ef7bd047b7a599ac61953fb0269fa3
200,OFF_THE_SHELF,ASV1_200_14X,ASV1_200_14X.STEP,mechanical/ASV1/200/FABRICATION/OFF_THE_SHELF/ASV1_200_14X.STEP,102784,7bde50d0470678bc041ce83c04024065e4ef7bd047b7a599ac61953fb0269fa3
300,ALU_7075,ASV1_300_01A,ASV1_300_01A.STEP,mechanical/ASV1/300/FABRICATION/ALU_7075/ASV1_300_01A.STEP,299388,07812db0489408f0fe567753b5a998d5f2ba0599a2f15a29d1c202c3d0b87007
300,ALU_7075,ASV1_300_03A,ASV1_300_03A.STEP,mechanical/ASV1/300/FABRICATION/ALU_7075/ASV1_300_03A.STEP,180755,83c93257cc98fbcd1a20b06b644cc3672896c3cfe67c66268ecc978c083e680e
300,ALU_7075,ASV1_300_05A,ASV1_300_05A.STEP,mechanical/ASV1/300/FABRICATION/ALU_7075/ASV1_300_05A.STEP,120815,1b8396c1224a3e1264d0a616956eab393bf19b992f7deb89395b94e305265548
300,ALU_7075,ASV1_300_07A,ASV1_300_07A.STEP,mechanical/ASV1/300/FABRICATION/ALU_7075/ASV1_300_07A.STEP,145330,c1498f56a80103fc31a34f5c345801b5e027d90cc5d1a432cd4d79aec823004d
300,ALU_7075,ASV1_300_08A,ASV1_300_08A.STEP,mechanical/ASV1/300/FABRICATION/ALU_7075/ASV1_300_08A.STEP,215891,248d4e906dc4dbeee852bc998969371d9342f57cea87eb16494b460026870fea
300,ALU_7075,ASV1_300_09A,ASV1_300_09A.STEP,mechanical/ASV1/300/FABRICATION/ALU_7075/ASV1_300_09A.STEP,58651,1e24b85a7b4632fa4a3a67d7a389841ac8a03137365e8f61e13e38b3f3ce1ab6
300,ALU_7075,ASV1_300_10A,ASV1_300_10A.STEP,mechanical/ASV1/300/FABRICATION/ALU_7075/ASV1_300_10A.STEP,78037,efce31429ac03d202f10ed5c76d5ae770ec9e0fabb9f8d8d44da30df97223330
300,ALU_7075,ASV1_300_11A,ASV1_300_11A.STEP,mechanical/ASV1/300/FABRICATION/ALU_7075/ASV1_300_11A.STEP,85516,5f51beee44a511376b34dc065e1ce05785359038fdb5d876bfa5a532e750c4c3
300,SML_316L,ASV1_300_02B,ASV1_300_02B.STEP,mechanical/ASV1/300/FABRICATION/SML_316L/ASV1_300_02B.STEP,2022275,70135615d5d1fce469e0efdda575759f847c90a685c8ec79777686e3a054dcfd
300,SML_316L,ASV1_300_04B,ASV1_300_04B.STEP,mechanical/ASV1/300/FABRICATION/SML_316L/ASV1_300_04B.STEP,1973789,48c6aa6741ad3311de2c89e523e6a5bd27851fff0d454b310e1f0fb72b8be837
300,SML_316L,ASV1_300_06B,ASV1_300_06B.STEP,mechanical/ASV1/300/FABRICATION/SML_316L/ASV1_300_06B.STEP,244462,0b44218cac94203a5cc7b62cc0951be0ebc1f695dd810bb848d7c0db17bbaa7d
300,SML_316L,ASV1_300_12B,ASV1_300_12B.STEP,mechanical/ASV1/300/FABRICATION/SML_316L/ASV1_300_12B.STEP,685175,7c1a88cf059c87b9e1778e0a39a1548b553308c53f653bd139a446dc00cc2909
300,MJF_PA12,ASV1_300_13C,ASV1_300_13C.STEP,mechanical/ASV1/300/FABRICATION/MJF_PA12/ASV1_300_13C.STEP,2302527,48d71d83977382376074829c80f95be07dc5c66f97a8e3520c1b58d156fd6803
300,MJF_PA12,ASV1_300_14C,ASV1_300_14C.STEP,mechanical/ASV1/300/FABRICATION/MJF_PA12/ASV1_300_14C.STEP,1572216,f4a57cf2182bda2c9805387f558c6ccbb2e2317bfe9df694ff5ec8d08f19d906
300,MJF_PA12,ASV1_300_15C,ASV1_300_15C.STEP,mechanical/ASV1/300/FABRICATION/MJF_PA12/ASV1_300_15C.STEP,1996378,2d1270c2c0e8d9c45b4818952576573748e22ad8b36927d8cb67d7130db90e5b
300,MJF_PA12,ASV1_300_16C,ASV1_300_16C.STEP,mechanical/ASV1/300/FABRICATION/MJF_PA12/ASV1_300_16C.STEP,1483644,8c2b7502688f408e4fd285c6a824e6b2d47e1cd16635a64b689d0e29b1676ce3
300,OFF_THE_SHELF,ASV1_300_17X,ASV1_300_17X.STEP,mechanical/ASV1/300/FABRICATION/OFF_THE_SHELF/ASV1_300_17X.STEP,90600,631cacb5eb3c7aeba23626e841b3913660e627648a0b66b4db03d10af7799af3
300,OFF_THE_SHELF,ASV1_300_18X,ASV1_300_18X.STEP,mechanical/ASV1/300/FABRICATION/OFF_THE_SHELF/ASV1_300_18X.STEP,14329,eeabb7e86d8ed19e7cf1f01d2478a6d8e90802a61a600c6cc92419a1cac2f9e5
300,OFF_THE_SHELF,ASV1_300_19X,ASV1_300_19X.STEP,mechanical/ASV1/300/FABRICATION/OFF_THE_SHELF/ASV1_300_19X.STEP,53524,58a263278cdfc065509019cbc0a0971c6e53def08936b87dc9ea65619a347c1b
300,OFF_THE_SHELF,ASV1_300_20X,ASV1_300_20X.STEP,mechanical/ASV1/300/FABRICATION/OFF_THE_SHELF/ASV1_300_20X.STEP,14330,a73d61a37981c05fd377c2b32ae081dad5874a5ee2832a0e579f6de611e04c17
300,OFF_THE_SHELF,ASV1_300_21X,ASV1_300_21X.STEP,mechanical/ASV1/300/FABRICATION/OFF_THE_SHELF/ASV1_300_21X.STEP,14316,7387bc99930a19e4af77828c3fb3ad5d8be1277e9e8c1c111d8c10a4f7de1397
300,OFF_THE_SHELF,ASV1_300_22X,ASV1_300_22X.STEP,mechanical/ASV1/300/FABRICATION/OFF_THE_SHELF/ASV1_300_22X.STEP,149546,036016b36fae1defd4b3c3223c2090d21eaea3519af7665da38d9d23998ce9d2
300,OFF_THE_SHELF,ASV1_300_23X,ASV1_300_23X.STEP,mechanical/ASV1/300/FABRICATION/OFF_THE_SHELF/ASV1_300_23X.STEP,149546,036016b36fae1defd4b3c3223c2090d21eaea3519af7665da38d9d23998ce9d2
400,ALU_7075,ASV1_400_04A,ASV1_400_04A.STEP,mechanical/ASV1/400/FABRICATION/ALU_7075/ASV1_400_04A.STEP,235735,e7ef9af23d01936b4cea2a77df81a4c3389cdac55137f8899828b5965c0e9a77
400,ALU_7075,ASV1_400_05A,ASV1_400_05A.STEP,mechanical/ASV1/400/FABRICATION/ALU_7075/ASV1_400_05A.STEP,359032,393074ebb37a814b83c2f142ba6ddf2beedbf49b6c9c1e2538d27460050b726d
400,ALU_7075,ASV1_400_11A,ASV1_400_11A.STEP,mechanical/ASV1/400/FABRICATION/ALU_7075/ASV1_400_11A.STEP,118677,f96d08536bb37bc92ddebb9c1660059c0eb53ab1201c242c7e5f749a16bda48b
400,ALU_7075,ASV1_400_13A,ASV1_400_13A.STEP,mechanical/ASV1/400/FABRICATION/ALU_7075/ASV1_400_13A.STEP,145330,c1498f56a80103fc31a34f5c345801b5e027d90cc5d1a432cd4d79aec823004d
400,ALU_7075,ASV1_400_14A,ASV1_400_14A.STEP,mechanical/ASV1/400/FABRICATION/ALU_7075/ASV1_400_14A.STEP,215891,248d4e906dc4dbeee852bc998969371d9342f57cea87eb16494b460026870fea
400,ALU_7075,ASV1_400_17A,ASV1_400_17A.STEP,mechanical/ASV1/400/FABRICATION/ALU_7075/ASV1_400_17A.STEP,56203,ac6846a5a7b48bb22f10a622a8a8ab259b3422bd9e3ca62bf7c20c7baee8f6e7
400,ALU_7075,ASV1_400_18A,ASV1_400_18A.STEP,mechanical/ASV1/400/FABRICATION/ALU_7075/ASV1_400_18A.STEP,75378,11900e3948786299b5cc8e67478762f3dd09347184c119cf259c8b080fb53a4f
400,ALU_7075,ASV1_400_19A,ASV1_400_19A.STEP,mechanical/ASV1/400/FABRICATION/ALU_7075/ASV1_400_19A.STEP,78967,8e1272106ec053b411e88eabb44a7ce850baf81c8575b836da29c07ec175a508
400,SML_316L,ASV1_400_02B,ASV1_400_02B.STEP,mechanical/ASV1/400/FABRICATION/SML_316L/ASV1_400_02B.STEP,2199970,ed108b17d507feafdb5dc0ebfab3c2fdd1027fcf916533b944f2ef8f15bf7511
400,SML_316L,ASV1_400_03B,ASV1_400_03B.STEP,mechanical/ASV1/400/FABRICATION/SML_316L/ASV1_400_03B.STEP,2045891,fefdff5a1fbed9ee970510800838052beccab193e783f321a188111070b834bc
400,SML_316L,ASV1_400_12B,ASV1_400_12B.STEP,mechanical/ASV1/400/FABRICATION/SML_316L/ASV1_400_12B.STEP,174773,8cd7d15904f6e96e1599e33b9b043a0d0646eee077a670396dd4a2653c40615d
400,SML_316L,ASV1_400_20B,ASV1_400_20B.STEP,mechanical/ASV1/400/FABRICATION/SML_316L/ASV1_400_20B.STEP,700352,689753057c5c2510a313b9ccba192927347932d9c1a662527262ef32b96ea3f4
400,MJF_PA12,ASV1_400_06C,ASV1_400_06C.STEP,mechanical/ASV1/400/FABRICATION/MJF_PA12/ASV1_400_06C.STEP,1502241,417a2a0dce2b7c0b3b8c9641737e41cdb4880eb6e5f4c7fc764850f79590fec1
400,MJF_PA12,ASV1_400_07C,ASV1_400_07C.STEP,mechanical/ASV1/400/FABRICATION/MJF_PA12/ASV1_400_07C.STEP,2428138,b13e884e6bd3b7cc0448dfac2234c7fd8293d37255cc5a913dbba47d15063548
400,MJF_PA12,ASV1_400_15C,ASV1_400_15C.step,mechanical/ASV1/400/FABRICATION/MJF_PA12/ASV1_400_15C.step,1826119,be27cdf2434185ccc7881ba7bada575222a650a95f7bd5495e86fed97c6b26ca
400,MJF_PA12,ASV1_400_16C,ASV1_400_16C.step,mechanical/ASV1/400/FABRICATION/MJF_PA12/ASV1_400_16C.step,1651705,f9df3d4943ec53fa37ca7c753b8e3175acd190f605535d2e588ca7b81a1f305b
400,OFF_THE_SHELF,ASV1_400_01X,ASV1_400_01X.STEP,mechanical/ASV1/400/FABRICATION/OFF_THE_SHELF/ASV1_400_01X.STEP,90588,835c0e351a357ce1658e7c51a32d48d7abe6c010ad5841d88e1111a92c05b010
400,OFF_THE_SHELF,ASV1_400_08X,ASV1_400_08X.STEP,mechanical/ASV1/400/FABRICATION/OFF_THE_SHELF/ASV1_400_08X.STEP,14317,5da5aae79f13f5938a13ac7471b764652dd5d19ccfb5030ef509e78a0976d23c
400,OFF_THE_SHELF,ASV1_400_09X,ASV1_400_09X.STEP,mechanical/ASV1/400/FABRICATION/OFF_THE_SHELF/ASV1_400_09X.STEP,51096,d46261272cc416c139fbbb44fad8f8319595c4a86f6b3fb45fdeaee50d5acc61
400,OFF_THE_SHELF,ASV1_400_10X,ASV1_400_10X.STEP,mechanical/ASV1/400/FABRICATION/OFF_THE_SHELF/ASV1_400_10X.STEP,156159,6cebacc5194525048a9f9a09684cfb71acf2250fe4585227dd7367f7ad95562e
400,OFF_THE_SHELF,ASV1_400_21X,ASV1_400_21X.STEP,mechanical/ASV1/400/FABRICATION/OFF_THE_SHELF/ASV1_400_21X.STEP,139326,946bf62632eccafdf7bb514f9b94ab159c99ebd15b78df43d45ccac3895885e8
400,OFF_THE_SHELF,ASV1_400_22X,ASV1_400_22X.STEP,mechanical/ASV1/400/FABRICATION/OFF_THE_SHELF/ASV1_400_22X.STEP,11900,673e96a8b436e68197ff69883b98f2c6865314078f2d5a41ab146da318c7eeef
400,OFF_THE_SHELF,ASV1_400_23X,ASV1_400_23X.STEP,mechanical/ASV1/400/FABRICATION/OFF_THE_SHELF/ASV1_400_23X.STEP,11900,cf2cbce5c98d46c99741cc05315ed8de17ccd5cd4bdb92dd7cd6a4b57c45c92b
500,ALU_7075,ASV1_500_05A,ASV1_500_05A.STEP,mechanical/ASV1/500/FABRICATION/ALU_7075/ASV1_500_05A.STEP,157223,20b18d221452a6dcb6de3f379c7ae0d4c47c156ab233ad97879ca65f85d86e3a
500,ALU_7075,ASV1_500_06A,ASV1_500_06A.STEP,mechanical/ASV1/500/FABRICATION/ALU_7075/ASV1_500_06A.STEP,205823,6da718b84db46a512e33d2e7c89efc3a3bd718d2513b271c4756691daae434d7
500,ALU_7075,ASV1_500_08A,ASV1_500_08A.STEP,mechanical/ASV1/500/FABRICATION/ALU_7075/ASV1_500_08A.STEP,158306,29923bede557177d5f241c7769cbbee4318d155b62306b114f7a70521b16e739
500,ALU_7075,ASV1_500_09A,ASV1_500_09A.STEP,mechanical/ASV1/500/FABRICATION/ALU_7075/ASV1_500_09A.STEP,216576,5f7b67bd7c598436cbd8e338a4ad7e955d294deca38c4b3b771d649f8c0ea86d
500,ALU_7075,ASV1_500_12A,ASV1_500_12A.STEP,mechanical/ASV1/500/FABRICATION/ALU_7075/ASV1_500_12A.STEP,38902,ddfaaa849f7f36a2b51af1cb8b9006d0e380f4d9a29fa760032a63457bf23835
500,ALU_7075,ASV1_500_23A_SS,ASV1_500_23A_SS.STEP,mechanical/ASV1/500/FABRICATION/ALU_7075/ASV1_500_23A_SS.STEP,1467105,f0d74a60bb065a8eade0f5df7b132925a04883d102422c558df3aeb2d4b84b89
500,ALU_7075,ASV1_500_24A_SS,ASV1_500_24A_SS.STEP,mechanical/ASV1/500/FABRICATION/ALU_7075/ASV1_500_24A_SS.STEP,1467107,c18b819f3773432379513bed56c785ba7e0e45cf0556963299ade286aca639d3
500,ALU_7075,ASV1_500_25A,ASV1_500_25A.STEP,mechanical/ASV1/500/FABRICATION/ALU_7075/ASV1_500_25A.STEP,228916,cdb0cf818424a2648ed50312ede0f18a52224c6ef7687edb40e96f56e4de45e1
500,ALU_7075,ASV1_500_36A,ASV1_500_36A.STEP,mechanical/ASV1/500/FABRICATION/ALU_7075/ASV1_500_36A.STEP,220101,bb404d090ebfce190f14dc11fd3813388eff47c5eb552fefcac0b2b93cbd0e3e
500,SML_316L,ASV1_500_01B,ASV1_500_01B.STEP,mechanical/ASV1/500/FABRICATION/SML_316L/ASV1_500_01B.STEP,1054742,813bd80f0287d014f79d99b072715478c393311e9dcc53197eba542a12b57471
500,SML_316L,ASV1_500_17B,ASV1_500_17B.STEP,mechanical/ASV1/500/FABRICATION/SML_316L/ASV1_500_17B.STEP,109372,ce358d2af264114538adb757962f063ff99a5a1f9c2d711087cb7e540b859978
500,SML_316L,ASV1_500_18B,ASV1_500_18B.STEP,mechanical/ASV1/500/FABRICATION/SML_316L/ASV1_500_18B.STEP,109372,ce358d2af264114538adb757962f063ff99a5a1f9c2d711087cb7e540b859978
500,SML_316L,ASV1_500_26B,ASV1_500_26B.STEP,mechanical/ASV1/500/FABRICATION/SML_316L/ASV1_500_26B.STEP,648967,e2ac656f47f11cd81110e53309c0e32540a7059495d205268d816ffaa8803a8b
500,MJF_PA12,ASV1_500_03C,ASV1_500_03C.STEP,mechanical/ASV1/500/FABRICATION/MJF_PA12/ASV1_500_03C.STEP,6102161,0d7653ac2c9a6fae11aa015829bb3495b9b5d709eb688fa26ee2c7e920cac001
500,MJF_PA12,ASV1_500_04C,ASV1_500_04C.STEP,mechanical/ASV1/500/FABRICATION/MJF_PA12/ASV1_500_04C.STEP,4824574,bdfdf31f363681e4b9a587a3a1662779d39084c8469979b9393d50c83d178db7
500,MJF_PA12,ASV1_500_10C,ASV1_500_10C.STEP,mechanical/ASV1/500/FABRICATION/MJF_PA12/ASV1_500_10C.STEP,5159247,a623d6f59aa5635fdb1dfe18c4a440f7de94903969968b0963429e71a4bc01cf
500,MJF_PA12,ASV1_500_13C,ASV1_500_13C.STEP,mechanical/ASV1/500/FABRICATION/MJF_PA12/ASV1_500_13C.STEP,2237564,525daf8a2cf4f48fb7eec66fa8504f27da1ca93bb38a7b78c7dc764914c00da2
500,MJF_PA12,ASV1_500_14C,ASV1_500_14C.STEP,mechanical/ASV1/500/FABRICATION/MJF_PA12/ASV1_500_14C.STEP,1614691,2441fc888a6c384046161bad087d3d8b3e92e19b37ab25ab53d00a5d8028d892
500,MJF_PA12,ASV1_500_37C,ASV1_500_37C.STEP,mechanical/ASV1/500/FABRICATION/MJF_PA12/ASV1_500_37C.STEP,3489405,62db8a53895f70d77db97d6b1e3f33c1ca268af727dccee905ab488c44a4e3bb
500,MJF_PA12,ASV1_500_38C,ASV1_500_38C.STEP,mechanical/ASV1/500/FABRICATION/MJF_PA12/ASV1_500_38C.STEP,1048293,62e1f707955c63b421d95b0fe5dfb063871d0b8e033a5f9086cd58dcdbe99029
500,MJF_PA12,ASV1_500_39C,ASV1_500_39C.STEP,mechanical/ASV1/500/FABRICATION/MJF_PA12/ASV1_500_39C.STEP,970632,52cb3e620b17dc7806bbe783e076cd6f06b4144c6a00f6ae665e79877d02a110
500,MJF_PA12,ASV1_500_40C,ASV1_500_40C.STEP,mechanical/ASV1/500/FABRICATION/MJF_PA12/ASV1_500_40C.STEP,490021,9916a5180d369da3c8c1aa187c5f02a13462c5fa2ac5af15fc1fd1a9f372acc2
500,OFF_THE_SHELF,ASV1_500_02X,ASV1_500_02X.STEP,mechanical/ASV1/500/FABRICATION/OFF_THE_SHELF/ASV1_500_02X.STEP,66256,b9eeebc9871878875696bfbad1e51534a5a7f9a15f5c9ef48351ed445aae74c1
500,OFF_THE_SHELF,ASV1_500_07X,ASV1_500_07X.STEP,mechanical/ASV1/500/FABRICATION/OFF_THE_SHELF/ASV1_500_07X.STEP,23112,304d875f7bb7522d11609c0b610c6f761a6cd438efea3381f8af517f6e69b906
500,OFF_THE_SHELF,ASV1_500_11X,ASV1_500_11X.STEP,mechanical/ASV1/500/FABRICATION/OFF_THE_SHELF/ASV1_500_11X.STEP,149546,036016b36fae1defd4b3c3223c2090d21eaea3519af7665da38d9d23998ce9d2
500,OFF_THE_SHELF,ASV1_500_15X,ASV1_500_15X.STEP,mechanical/ASV1/500/FABRICATION/OFF_THE_SHELF/ASV1_500_15X.STEP,23056,4749c76a422d5fda241443ae35fc46c91cda57d518a1c6f7fcb76310fb6367bf
500,OFF_THE_SHELF,ASV1_500_16X,ASV1_500_16X.STEP,mechanical/ASV1/500/FABRICATION/OFF_THE_SHELF/ASV1_500_16X.STEP,23056,4749c76a422d5fda241443ae35fc46c91cda57d518a1c6f7fcb76310fb6367bf
500,OFF_THE_SHELF,ASV1_500_19X,ASV1_500_19X.STEP,mechanical/ASV1/500/FABRICATION/OFF_THE_SHELF/ASV1_500_19X.STEP,647542,fe65362ae1b5cc55530fadf9cfee1b7d00922cb1a3ef4f053f5f6d0a4209a8f2
500,OFF_THE_SHELF,ASV1_500_20X,ASV1_500_20X.STEP,mechanical/ASV1/500/FABRICATION/OFF_THE_SHELF/ASV1_500_20X.STEP,647542,fe65362ae1b5cc55530fadf9cfee1b7d00922cb1a3ef4f053f5f6d0a4209a8f2
500,OFF_THE_SHELF,ASV1_500_21X,ASV1_500_21X.STEP,mechanical/ASV1/500/FABRICATION/OFF_THE_SHELF/ASV1_500_21X.STEP,647542,fe65362ae1b5cc55530fadf9cfee1b7d00922cb1a3ef4f053f5f6d0a4209a8f2
500,OFF_THE_SHELF,ASV1_500_22X,ASV1_500_22X.STEP,mechanical/ASV1/500/FABRICATION/OFF_THE_SHELF/ASV1_500_22X.STEP,647542,fe65362ae1b5cc55530fadf9cfee1b7d00922cb1a3ef4f053f5f6d0a4209a8f2
500,OFF_THE_SHELF,ASV1_500_27X,ASV1_500_27X.STEP,mechanical/ASV1/500/FABRICATION/OFF_THE_SHELF/ASV1_500_27X.STEP,1449793,841815e08479e5f565351dca57def47292cb042f78327811a86be249551d50b5
500,OFF_THE_SHELF,ASV1_500_28X,ASV1_500_28X.STEP,mechanical/ASV1/500/FABRICATION/OFF_THE_SHELF/ASV1_500_28X.STEP,1449793,841815e08479e5f565351dca57def47292cb042f78327811a86be249551d50b5
500,OFF_THE_SHELF,ASV1_500_29X,ASV1_500_29X.STEP,mechanical/ASV1/500/FABRICATION/OFF_THE_SHELF/ASV1_500_29X.STEP,1449793,841815e08479e5f565351dca57def47292cb042f78327811a86be249551d50b5
500,OFF_THE_SHELF,ASV1_500_30X,ASV1_500_30X.STEP,mechanical/ASV1/500/FABRICATION/OFF_THE_SHELF/ASV1_500_30X.STEP,1449793,841815e08479e5f565351dca57def47292cb042f78327811a86be249551d50b5
500,OFF_THE_SHELF,ASV1_500_31X,ASV1_500_31X.STEP,mechanical/ASV1/500/FABRICATION/OFF_THE_SHELF/ASV1_500_31X.STEP,20049,9931a242fd05225d68c00926301bfd4e64e53031f6088640e89fdd54a9ab7312
500,OFF_THE_SHELF,ASV1_500_32X,ASV1_500_32X.STEP,mechanical/ASV1/500/FABRICATION/OFF_THE_SHELF/ASV1_500_32X.STEP,898603,bef89c3c39e7c699024f176eeb41ed07033563f34b79b61e663156799f957002
500,OFF_THE_SHELF,ASV1_500_33X,ASV1_500_33X.STEP,mechanical/ASV1/500/FABRICATION/OFF_THE_SHELF/ASV1_500_33X.STEP,898603,bef89c3c39e7c699024f176eeb41ed07033563f34b79b61e663156799f957002
500,OFF_THE_SHELF,ASV1_500_34X,ASV1_500_34X.STEP,mechanical/ASV1/500/FABRICATION/OFF_THE_SHELF/ASV1_500_34X.STEP,1334445,02eac7574fdaa6aed345e2da776648ffca652646b1104a41b6ee20d631d856a3
500,OFF_THE_SHELF,ASV1_500_35X,ASV1_500_35X.STEP,mechanical/ASV1/500/FABRICATION/OFF_THE_SHELF/ASV1_500_35X.STEP,1334445,02eac7574fdaa6aed345e2da776648ffca652646b1104a41b6ee20d631d856a3
500,OFF_THE_SHELF,ASV1_500_41X,ASV1_500_41X.STEP,mechanical/ASV1/500/FABRICATION/OFF_THE_SHELF/ASV1_500_41X.STEP,1228146,8aee9880aaa5edac2e7decf264545403f8a50e3db98caa2758b04793fa4dc520
600,ALU_7075,ASV1_600_05A,ASV1_600_05A.step.STEP,mechanical/ASV1/600/FABRICATION/ALU_7075/ASV1_600_05A.step.STEP,153235,a12f7dfcd4586e378f09e27bbd8ff56197ce8fd0c492a5db1654bf43de1bd6ef
600,ALU_7075,ASV1_600_06A,ASV1_600_06A.step.STEP,mechanical/ASV1/600/FABRICATION/ALU_7075/ASV1_600_06A.step.STEP,201365,69681202a2ba5905c458191d8119a675f07d3db93de7c44a29ab3f1ffeb690a0
600,ALU_7075,ASV1_600_08A,ASV1_600_08A.step.STEP,mechanical/ASV1/600/FABRICATION/ALU_7075/ASV1_600_08A.step.STEP,156138,b6aab3842d18c8ad3e84feca51d290a8e21e3b6948040cb5fd2414b0fa4473fd
600,ALU_7075,ASV1_600_09A,ASV1_600_09A.step.STEP,mechanical/ASV1/600/FABRICATION/ALU_7075/ASV1_600_09A.step.STEP,214745,2adcc8aa9a7305753d6eb1b98c3127d627b53c389f919c0df37a47c1ed41dcca
600,ALU_7075,ASV1_600_12A,ASV1_600_12A.step.STEP,mechanical/ASV1/600/FABRICATION/ALU_7075/ASV1_600_12A.step.STEP,36431,3118119108f51e6e0c912e49724c8bafd00a57f2047c30e73f588baa4565bfc9
600,ALU_7075,ASV1_600_23A_SS,ASV1_600_23A_SS.step.STEP,mechanical/ASV1/600/FABRICATION/ALU_7075/ASV1_600_23A_SS.step.STEP,1467142,ccb8ab1ffded74a19fff40514ab978a614241ee99dbda35ce94ecc6fd5cf6709
600,ALU_7075,ASV1_600_24A_SS,ASV1_600_24A_SS.step.STEP,mechanical/ASV1/600/FABRICATION/ALU_7075/ASV1_600_24A_SS.step.STEP,1467146,d87fc0d45a318ff7fb989ac751a43e229d0b5cd6900b060661361291808024a4
600,ALU_7075,ASV1_600_25A,ASV1_600_25A.step.STEP,mechanical/ASV1/600/FABRICATION/ALU_7075/ASV1_600_25A.step.STEP,247969,d075232de7171cc69b776e7b58449343c8d85f05e00a7dec539307dbeba9612e
600,ALU_7075,ASV1_600_36A,ASV1_600_36A.step.STEP,mechanical/ASV1/600/FABRICATION/ALU_7075/ASV1_600_36A.step.STEP,219834,8d846207a2c4279fc90b019084ee77b0aded78a6533314d1a938c28136dbf55a
600,SML_316L,ASV1_600_01B,ASV1_600_01B.step.STEP,mechanical/ASV1/600/FABRICATION/SML_316L/ASV1_600_01B.step.STEP,930923,aa55627da294ad391ae6beabf50dc9feb73154574a77e192fab64ca3f86cfdfe
600,SML_316L,ASV1_600_17B,ASV1_600_17B.step.STEP,mechanical/ASV1/600/FABRICATION/SML_316L/ASV1_600_17B.step.STEP,108049,82eb82e2d38cf819cbdf214d6d7324d8248873d212226d929b46f449d983ea40
600,SML_316L,ASV1_600_18B,ASV1_600_18B.step.STEP,mechanical/ASV1/600/FABRICATION/SML_316L/ASV1_600_18B.step.STEP,108036,86068d22f56211879cafbad16f7eb516e1e14ca89b3c8ccc963e6986bee8a86e
600,SML_316L,ASV1_600_26B,ASV1_600_26B.step.STEP,mechanical/ASV1/600/FABRICATION/SML_316L/ASV1_600_26B.step.STEP,610498,1e6d5ce73dd09d8db5ef1872cea16a61986c5507cfccc367fecb2abe17988ac2
600,MJF_PA12,ASV1_600_03C,ASV1_600_03C.step.STEP,mechanical/ASV1/600/FABRICATION/MJF_PA12/ASV1_600_03C.step.STEP,5546992,586988ced753a2066a451755c5afd8a9e4229d3ea1c88e4d81174fd3bc01e10c
600,MJF_PA12,ASV1_600_04C,ASV1_600_04C.step.STEP,mechanical/ASV1/600/FABRICATION/MJF_PA12/ASV1_600_04C.step.STEP,5514674,163034570355dbadd225e96fff6151ed01c688fc5be3005233f769cbfd8cb0d3
600,MJF_PA12,ASV1_600_10C,ASV1_600_10C.step.STEP,mechanical/ASV1/600/FABRICATION/MJF_PA12/ASV1_600_10C.step.STEP,4982535,95cd837e48e9ab3b63f36dd2de735eae256dd47b0f08973a8359df74165fe03f
600,MJF_PA12,ASV1_600_13C,ASV1_600_13C.step.STEP,mechanical/ASV1/600/FABRICATION/MJF_PA12/ASV1_600_13C.step.STEP,2122311,dbbfbe8c57368163866c4297245baf03b2a19f68511df848587996afa1489055
600,MJF_PA12,ASV1_600_14C,ASV1_600_14C.step.STEP,mechanical/ASV1/600/FABRICATION/MJF_PA12/ASV1_600_14C.step.STEP,1899076,b1d5fcff011088474300c0854044e943bed3674c4180c0ce02186f18043cc0cf
600,MJF_PA12,ASV1_600_37C,ASV1_600_37C.step.STEP,mechanical/ASV1/600/FABRICATION/MJF_PA12/ASV1_600_37C.step.STEP,3422933,65b273ddcb1769c07fd9b551c795cdfb7f7c79ca74529bf87cf14c0ac1b16ed0
600,MJF_PA12,ASV1_600_38C,ASV1_600_38C.step.STEP,mechanical/ASV1/600/FABRICATION/MJF_PA12/ASV1_600_38C.step.STEP,949556,181b441dab186d09e58674117300d795efa71e1a6385642e605c6c5c22a26be3
600,MJF_PA12,ASV1_600_39C,ASV1_600_39C.step.STEP,mechanical/ASV1/600/FABRICATION/MJF_PA12/ASV1_600_39C.step.STEP,954484,fdc0d9812e3587cfac396b9cc15e0c5bb48a868ce9ecadf23397d4709b2edde6
600,MJF_PA12,ASV1_600_40C,ASV1_600_40C.step.STEP,mechanical/ASV1/600/FABRICATION/MJF_PA12/ASV1_600_40C.step.STEP,460313,a4fcb1ac166334627f9e747c08d43fc42b0f08a496cd62cea4404fed3f2a6e71
600,OFF_THE_SHELF,ASV1_600_02X,ASV1_600_02X.step.STEP,mechanical/ASV1/600/FABRICATION/OFF_THE_SHELF/ASV1_600_02X.step.STEP,53924,722e30e15a48479c4cf8724b98bdc09e89f02845a96bd75b120264d42d0f9efd
600,OFF_THE_SHELF,ASV1_600_07X,ASV1_600_07X.step.STEP,mechanical/ASV1/600/FABRICATION/OFF_THE_SHELF/ASV1_600_07X.step.STEP,20712,34b55d44a2a491cb5f780bb620803ffcc29cb9638eb0994ec2626ec9aeed723a
600,OFF_THE_SHELF,ASV1_600_11X,ASV1_600_11X.step.STEP,mechanical/ASV1/600/FABRICATION/OFF_THE_SHELF/ASV1_600_11X.step.STEP,156236,416d8026b797f9d6d4e8f6239f6e485ddf7b13fa8d4db09d5bc5fcaea3f2019c
600,OFF_THE_SHELF,ASV1_600_15X,ASV1_600_15X.step.STEP,mechanical/ASV1/600/FABRICATION/OFF_THE_SHELF/ASV1_600_15X.step.STEP,20706,1b99d115cfeb358432f2e33008c91901010cf55213b5c84768075835d50dae60
600,OFF_THE_SHELF,ASV1_600_16X,ASV1_600_16X.step.STEP,mechanical/ASV1/600/FABRICATION/OFF_THE_SHELF/ASV1_600_16X.step.STEP,20705,a489f4473036a1a763ff217c38f217c565e191c486a2c9a1b4ffbd3483789af3
600,OFF_THE_SHELF,ASV1_600_19X,ASV1_600_19X.step.STEP,mechanical/ASV1/600/FABRICATION/OFF_THE_SHELF/ASV1_600_19X.step.STEP,633975,b791e55f535f2d7627b9ad53e9b90f24edcf6f1559f24c8d87648837f970ab6e
600,OFF_THE_SHELF,ASV1_600_20X,ASV1_600_20X.step.STEP,mechanical/ASV1/600/FABRICATION/OFF_THE_SHELF/ASV1_600_20X.step.STEP,633972,514f996076c6ca8718283678073e1702e051972d4d95c47a13afaed88dcc90bf
600,OFF_THE_SHELF,ASV1_600_21X,ASV1_600_21X.step.STEP,mechanical/ASV1/600/FABRICATION/OFF_THE_SHELF/ASV1_600_21X.step.STEP,633979,b5e2024e80062ac018e6568550cddd38582cc9bf8397fc528695eb99d2e04d66
600,OFF_THE_SHELF,ASV1_600_22X,ASV1_600_22X.step.STEP,mechanical/ASV1/600/FABRICATION/OFF_THE_SHELF/ASV1_600_22X.step.STEP,633972,b4f955782ee8b036f252e8aadbcf426de196423c1e29381b89de8458ee77729b
600,OFF_THE_SHELF,ASV1_600_27X,ASV1_600_27X.step.STEP,mechanical/ASV1/600/FABRICATION/OFF_THE_SHELF/ASV1_600_27X.step.STEP,1445027,b80f08a77cf2a4185695cf20f07517b2ba805d34c324fab6d4988e195564ae90
600,OFF_THE_SHELF,ASV1_600_28X,ASV1_600_28X.step.STEP,mechanical/ASV1/600/FABRICATION/OFF_THE_SHELF/ASV1_600_28X.step.STEP,1445050,672384fa6b1526efbca10947516e36837411f91c08124ab7093b64f78ae39535
600,OFF_THE_SHELF,ASV1_600_29X,ASV1_600_29X.step.STEP,mechanical/ASV1/600/FABRICATION/OFF_THE_SHELF/ASV1_600_29X.step.STEP,1445087,d81dfa1b99fbac794b319abcba774c13f3a2d4e77b170b28f73bf13959e6a3e6
600,OFF_THE_SHELF,ASV1_600_30X,ASV1_600_30X.step.STEP,mechanical/ASV1/600/FABRICATION/OFF_THE_SHELF/ASV1_600_30X.step.STEP,1445027,58890d5a7722e1ac053402d0dfb83c7d8a7e4c8f00da0d24102917a88d7e03db
600,OFF_THE_SHELF,ASV1_600_31X,ASV1_600_31X.step.STEP,mechanical/ASV1/600/FABRICATION/OFF_THE_SHELF/ASV1_600_31X.step.STEP,17686,318a685028b82c22296418470883272a8e4caa68f833781161eb908f89b84910
600,OFF_THE_SHELF,ASV1_600_32X,ASV1_600_32X.STEP,mechanical/ASV1/600/FABRICATION/OFF_THE_SHELF/ASV1_600_32X.STEP,898603,bef89c3c39e7c699024f176eeb41ed07033563f34b79b61e663156799f957002
600,OFF_THE_SHELF,ASV1_600_33X,ASV1_600_33X.STEP,mechanical/ASV1/600/FABRICATION/OFF_THE_SHELF/ASV1_600_33X.STEP,898603,bef89c3c39e7c699024f176eeb41ed07033563f34b79b61e663156799f957002
600,OFF_THE_SHELF,ASV1_600_34X,ASV1_600_34X.STEP,mechanical/ASV1/600/FABRICATION/OFF_THE_SHELF/ASV1_600_34X.STEP,1334445,02eac7574fdaa6aed345e2da776648ffca652646b1104a41b6ee20d631d856a3
600,OFF_THE_SHELF,ASV1_600_35X,ASV1_600_35X.STEP,mechanical/ASV1/600/FABRICATION/OFF_THE_SHELF/ASV1_600_35X.STEP,1334445,02eac7574fdaa6aed345e2da776648ffca652646b1104a41b6ee20d631d856a3
600,OFF_THE_SHELF,ASV1_600_41X,ASV1_600_41X.STEP,mechanical/ASV1/600/FABRICATION/OFF_THE_SHELF/ASV1_600_41X.STEP,1228146,8aee9880aaa5edac2e7decf264545403f8a50e3db98caa2758b04793fa4dc520
700,SML_316L,ASV1_700_01B,ASV1_700_01B.STEP,mechanical/ASV1/700/FABRICATION/SML_316L/ASV1_700_01B.STEP,251378,7519d14ba4c21b538883fbcff21211b167385923fa3594b1190a31c58307d6c7
700,SML_316L,ASV1_700_02B,ASV1_700_02B.STEP,mechanical/ASV1/700/FABRICATION/SML_316L/ASV1_700_02B.STEP,120258,347e512b59519928186d6b19069b322b857820c93d7a1743d501f883d8f70412
700,MJF_PA12,ASV1_700_03C,ASV1_700_03C.STEP,mechanical/ASV1/700/FABRICATION/MJF_PA12/ASV1_700_03C.STEP,4514709,5410ccb613e4dceeb20752fcb18098aeeda8a8a4829528cb3395636fbbed24de
700,MJF_PA12,ASV1_700_04C,ASV1_700_04C.STEP,mechanical/ASV1/700/FABRICATION/MJF_PA12/ASV1_700_04C.STEP,3319434,e837d1a57a66cf9c6ad65f8a585608bc8c5c53b420c3a44cb14739e997b21f25
700,MJF_PA12,ASV1_700_05C,ASV1_700_05C.STEP,mechanical/ASV1/700/FABRICATION/MJF_PA12/ASV1_700_05C.STEP,274633,1b6650e6dd9a15e36331a3d450422ba91088302f2cf0e250ff807dde11680560
700,MJF_PA12,ASV1_700_06C,ASV1_700_06C.STEP,mechanical/ASV1/700/FABRICATION/MJF_PA12/ASV1_700_06C.STEP,1521813,2a9301ba39e047c7d6cf2fbec9fa233ecea324f6ae8ceacbf4555fab7e74edb8
700,MJF_PA12,ASV1_700_07C,ASV1_700_07C.STEP,mechanical/ASV1/700/FABRICATION/MJF_PA12/ASV1_700_07C.STEP,1519743,33d024c6e1780aad736b789165bc86a0205a8b605e3b7ea80d429adf9f6952b4
700,MJF_PA12,ASV1_700_11C,ASV1_700_11C.STEP,mechanical/ASV1/700/FABRICATION/MJF_PA12/ASV1_700_11C.STEP,42891,7967bcb51f38e79f9537b2cc98c7a15280235643cd236731558ee3bb2dcb63bf
700,OFF_THE_SHELF,ASV1_700_08X,ASV1_700_08X.STEP,mechanical/ASV1/700/FABRICATION/OFF_THE_SHELF/ASV1_700_08X.STEP,1139378,029b1e0c8c28c755db7b3e3d591cafad7108dd00d0d7fbb9a899880e011aa4a9
700,OFF_THE_SHELF,ASV1_700_09X,ASV1_700_09X.STEP,mechanical/ASV1/700/FABRICATION/OFF_THE_SHELF/ASV1_700_09X.STEP,40626678,2ea9c132c15b9beb051fa262fe1040288f82ae30eb56d0d114dad4c5878a2f88
700,OFF_THE_SHELF,ASV1_700_10X,ASV1_700_10X.STEP,mechanical/ASV1/700/FABRICATION/OFF_THE_SHELF/ASV1_700_10X.STEP,3984287,8063e55b1367dd94ba17995630d89a3347f69639341f2b6ce563fccea934d2c7
700,OFF_THE_SHELF,ASV1_700_12X,ASV1_700_12X.STEP,mechanical/ASV1/700/FABRICATION/OFF_THE_SHELF/ASV1_700_12X.STEP,561735,d01d2551fb54e02e5249f20144c28e159441bed57ffa2eac510a24f54c7b5cfd
700,OFF_THE_SHELF,ASV1_700_13X,ASV1_700_13X.STEP,mechanical/ASV1/700/FABRICATION/OFF_THE_SHELF/ASV1_700_13X.STEP,23056,4749c76a422d5fda241443ae35fc46c91cda57d518a1c6f7fcb76310fb6367bf
